Date,Open,High,Low,Close,Volume,Change
2022-01-03,100000,102000,99800,100500,42432,-0.004950495049504955
2022-01-04,101000,101500,99800,100500,63345,0.0
2022-01-05,101000,103000,101000,102500,81498,0.01990049751243772
2022-01-06,101000,103000,100500,101000,90564,-0.014634146341463428
2022-01-07,101000,102000,100000,101000,67106,0.0
2022-01-10,101000,101000,100000,100500,51838,-0.004950495049504955
2022-01-11,100500,101500,100000,101500,65582,0.00995024875621886
2022-01-12,101500,103000,101500,103000,73516,0.014778325123152802
2022-01-13,103000,103500,102500,103500,56472,0.004854368932038833
2022-01-14,103000,103500,102000,103500,43774,0.0
2022-01-17,103000,103500,101500,103000,80647,-0.004830917874396157
2022-01-18,103000,103000,101500,102000,67197,-0.009708737864077666
2022-01-19,100500,102000,99900,100500,56547,-0.014705882352941124
2022-01-20,100000,101000,100000,100000,50128,-0.00497512437810943
2022-01-21,99500,100500,98800,100500,55217,0.004999999999999893
2022-01-24,99200,99800,97000,98200,77144,-0.022885572139303534
2022-01-25,97900,98000,94600,97500,66826,-0.007128309572301372
2022-01-26,96400,97600,94000,95800,76532,-0.017435897435897463
2022-01-27,95700,96400,93500,94700,71506,-0.011482254697286032
2022-01-28,94500,96200,92900,95900,86020,0.012671594508975703
2022-02-03,96900,98000,96000,96600,42542,0.007299270072992803
2022-02-04,96500,96700,95400,96300,32425,-0.0031055900621117516
2022-02-07,96300,96300,93200,94600,102719,-0.017653167185877505
2022-02-08,94600,96000,93500,94400,67318,-0.0021141649048626032
2022-02-09,94900,95200,94100,95100,34945,0.00741525423728806
2022-02-10,95400,97400,94600,97400,43627,0.024185068349106276
2022-02-11,96300,97400,95400,97400,43819,0.0
2022-02-14,95800,96400,94800,95600,44732,-0.01848049281314168
2022-02-15,95200,96300,94600,95600,45621,0.0
2022-02-16,96500,96800,95400,95800,35784,0.0020920502092049986
2022-02-17,95800,96700,95400,95900,85614,0.0010438413361169019
2022-02-18,95100,95700,94800,95200,40560,-0.007299270072992692
2022-02-21,94800,95000,94000,95000,45748,-0.0021008403361344463
2022-02-22,93500,94300,92800,92800,56218,-0.023157894736842155
2022-02-23,92900,93400,91700,91700,63345,-0.0118534482758621
2022-02-24,91000,91000,88500,89600,88068,-0.022900763358778664
2022-02-25,90200,91000,88900,88900,78434,-0.0078125
2022-02-28,88800,88800,86200,88200,220291,-0.007874015748031482
2022-03-02,87000,87500,86500,86500,81437,-0.019274376417233507
2022-03-03,87600,89400,87400,89400,78782,0.03352601156069368
2022-03-04,89000,89100,87600,87800,57278,-0.017897091722595126
2022-03-07,86800,87000,85400,85400,93910,-0.02733485193621865
2022-03-08,84000,86200,83800,85600,50509,0.0023419203747072626
2022-03-10,86100,86700,85600,86000,56399,0.004672897196261738
2022-03-11,86100,86400,84700,86000,135199,0.0
2022-03-14,86000,86000,83500,84200,164359,-0.020930232558139528
2022-03-15,84000,84000,81500,81600,171805,-0.030878859857482177
2022-03-16,82500,83400,81700,83400,121990,0.022058823529411686
2022-03-17,84500,85800,84200,85000,82876,0.01918465227817756
2022-03-18,85800,85800,84200,85600,153917,0.007058823529411784
2022-03-21,86000,86000,83100,83300,108309,-0.026869158878504718
2022-03-22,83500,84900,83100,84000,121447,0.008403361344537785
2022-03-23,84600,84800,82200,83900,293219,-0.0011904761904761862
2022-03-24,83500,84500,83200,84500,67000,0.007151370679380209
2022-03-25,84800,84900,82900,83600,81483,-0.010650887573964485
2022-03-28,83500,84100,82900,84000,44356,0.004784688995215225
2022-03-29,84500,85800,84400,85500,70742,0.017857142857142794
2022-03-30,86400,88200,86300,88000,117139,0.029239766081871288
2022-03-31,88000,88000,86600,86600,102491,-0.015909090909090873
2022-04-01,86100,86200,84800,85500,102581,-0.012702078521939941
2022-04-04,85400,85700,84800,85700,62448,0.002339181286549641
2022-04-05,85700,85800,84700,85800,57717,0.001166861143523823
2022-04-06,85000,86700,84900,86700,80241,0.010489510489510412
2022-04-07,86400,87100,86000,86100,102938,-0.00692041522491349
2022-04-08,86200,86600,85600,86200,67029,0.0011614401858304202
2022-04-11,86200,87700,86000,87500,61563,0.015081206496519783
2022-04-12,87400,87600,86600,86900,51141,-0.006857142857142895
2022-04-13,86900,88000,86900,87400,77810,0.005753739930955071
2022-04-14,87800,88400,87600,88200,82087,0.009153318077803174
2022-04-15,88100,88900,87200,88900,105629,0.007936507936507908
2022-04-18,88800,90400,88500,90200,87236,0.01462317210348707
2022-04-19,90200,91100,90200,91000,75461,0.008869179600886845
2022-04-20,90900,91600,90500,91600,102683,0.00659340659340657
2022-04-21,91800,93400,91800,93400,86668,0.01965065502183405
2022-04-22,92600,94000,92300,93500,78552,0.0010706638115631772
2022-04-25,92300,92900,90900,92000,122137,-0.016042780748663055
2022-04-26,94400,96000,93800,94300,160131,0.02499999999999991
2022-04-27,92600,95200,92400,95200,106078,0.009544008483563182
2022-04-28,96000,96200,95100,96000,71721,0.008403361344537785
2022-04-29,96000,96000,94900,95100,99376,-0.009375000000000022
2022-05-02,94600,96000,94500,95900,39184,0.008412197686645584
2022-05-03,95800,95900,94400,94600,46197,-0.013555787278414999
2022-05-04,94600,94900,93700,94700,45397,0.0010570824524311906
2022-05-06,94000,94400,93500,93900,30627,-0.008447729672650506
2022-05-09,93900,94200,92400,92500,37889,-0.014909478168264156
2022-05-10,91200,92800,90100,92500,58223,0.0
2022-05-11,92900,93600,92100,92600,38767,0.00108108108108107
2022-05-12,91900,92700,90900,91000,53830,-0.017278617710583144
2022-05-13,91100,93500,91100,92600,77112,0.01758241758241752
2022-05-16,93000,93800,92100,92300,36685,-0.003239740820734305
2022-05-17,92100,92800,91500,92500,45149,0.0021668472372697867
2022-05-18,93200,93200,91900,91900,85172,-0.006486486486486531
2022-05-19,90400,91700,90400,91100,62335,-0.008705114254624613
2022-05-20,91600,93100,91300,93100,77830,0.021953896816685026
2022-05-23,93900,94200,93000,93500,50680,0.004296455424275036
2022-05-24,93300,93600,92200,92800,40486,-0.007486631016042744
2022-05-25,92800,93300,92000,92300,38808,-0.0053879310344827624
2022-05-26,92000,92800,91200,92300,69605,0.0
2022-05-27,92900,92900,92200,92600,45492,0.003250270855904569
2022-05-30,93100,93200,92300,92800,51239,0.002159827213822796
2022-05-31,92900,93300,91900,91900,166724,-0.00969827586206895
2022-06-02,92000,92000,91000,91300,96563,-0.006528835690968404
2022-06-03,92000,92200,91300,91400,45568,0.0010952902519167917
2022-06-07,91500,92000,90700,90700,61184,-0.007658643326039383
2022-06-08,90900,91700,90800,90900,40025,0.0022050716648291946
2022-06-09,90900,91400,90700,91300,42993,0.004400440044004306
2022-06-10,90700,92200,90500,91900,51006,0.006571741511500528
2022-06-13,90800,90900,88000,88000,125610,-0.042437431991294905
2022-06-14,86800,87300,85100,86200,137730,-0.020454545454545503
2022-06-15,86300,88200,85700,85800,85686,-0.004640371229698403
2022-06-16,86800,87500,84700,85000,97094,-0.009324009324009341
2022-06-17,84000,85300,83100,84600,112917,-0.004705882352941226
2022-06-20,85000,85300,83300,84000,94714,-0.007092198581560294
2022-06-21,84000,85500,83300,84700,54402,0.008333333333333304
2022-06-22,85500,85700,83700,84000,44866,-0.008264462809917328
2022-06-23,83800,84500,82200,82900,103326,-0.013095238095238049
2022-06-24,83200,84200,82900,84200,75272,0.01568154402895061
2022-06-27,85600,88300,85500,87600,88204,0.040380047505938155
2022-06-28,87700,90100,87700,89400,104408,0.020547945205479534
2022-06-29,87700,87800,84700,85000,101222,-0.04921700223713643
2022-06-30,85400,88500,85200,87600,102667,0.030588235294117583
2022-07-01,87600,88800,87000,87500,51919,-0.0011415525114155667
2022-07-04,88200,88400,85500,86200,42953,-0.014857142857142902
2022-07-05,86300,86900,84800,85700,61342,-0.0058004640371229765
2022-07-06,86300,86300,83900,84300,73442,-0.016336056009334854
2022-07-07,85300,85900,84600,85600,32016,0.01542111506524324
2022-07-08,86800,87000,86000,86400,35085,0.009345794392523255
2022-07-11,87000,87700,86600,87400,45573,0.011574074074074181
2022-07-12,87000,87800,86200,87700,65147,0.003432494279176135
2022-07-13,88300,90200,87800,88400,88454,0.007981755986316896
2022-07-14,88400,89200,87900,89200,40829,0.009049773755656076
2022-07-15,89400,89900,87400,89900,81229,0.007847533632286963
2022-07-18,90700,91800,89700,91000,49944,0.012235817575083408
2022-07-19,91000,91900,90200,91700,73197,0.007692307692307665
2022-07-20,92600,92800,91800,92200,46861,0.005452562704471031
2022-07-21,92700,94000,91600,93100,121595,0.009761388286334105
2022-07-22,93900,94600,93100,94000,69540,0.009667024704618665
2022-07-25,94600,96300,94600,95400,58859,0.014893617021276562
2022-07-26,95300,95300,94100,94800,34007,-0.0062893081761006275
2022-07-27,94800,94900,93000,94800,51626,0.0
2022-07-28,95400,95400,93100,94900,81274,0.001054852320675037
2022-07-29,95000,95600,93200,94200,89935,-0.00737618545837726
2022-08-01,94200,94500,92700,93100,136109,-0.011677282377919318
2022-08-02,93300,93500,92100,93500,92742,0.004296455424275036
2022-08-03,93000,94500,93000,94500,92089,0.010695187165775444
2022-08-04,94700,94900,93200,94400,75440,-0.0010582010582010914
2022-08-05,94200,94400,92800,93600,63659,-0.008474576271186418
2022-08-08,93200,93900,92600,93800,45579,0.002136752136752129
2022-08-09,93900,93900,92000,92600,40645,-0.01279317697228144
2022-08-10,92200,92800,91900,92000,39138,-0.006479481641468721
2022-08-11,92800,92900,91700,92200,47466,0.0021739130434783593
2022-08-12,92200,93900,92200,93300,43841,0.01193058568329719
2022-08-16,93700,94900,93600,94900,47723,0.017148981779206762
2022-08-17,94000,94300,91100,92200,84943,-0.028451001053740765
2022-08-18,90100,90700,89000,89800,82373,-0.026030368763557465
2022-08-19,89900,91300,89800,90600,40800,0.008908685968819663
2022-08-22,90200,91000,89400,89500,27804,-0.012141280353200834
2022-08-23,89300,91400,89300,90000,38296,0.005586592178770999
2022-08-24,90800,91300,89700,90700,24326,0.007777777777777883
2022-08-25,90100,92000,90100,91900,35634,0.013230429988974723
2022-08-26,91900,92600,91600,91900,25495,0.0
2022-08-29,90100,90700,89800,90500,46502,-0.015233949945593017
2022-08-30,90900,93000,90600,93000,63076,0.027624309392265234
2022-08-31,92500,93700,92500,93300,91494,0.003225806451612856
2022-09-01,92800,94000,91700,93000,58584,-0.003215434083601254
2022-09-02,93300,96500,93100,93100,94669,0.0010752688172042113
2022-09-05,92800,95400,92800,94100,67875,0.01074113856068748
2022-09-06,94200,94500,93500,94200,30360,0.0010626992561104665
2022-09-07,94300,95200,93700,94300,70760,0.0010615711252655036
2022-09-08,94600,94800,93500,94600,45754,0.0031813361611876534
2022-09-13,95100,95100,94300,94500,54719,-0.0010570824524313016
2022-09-14,93400,93700,92800,93700,46648,-0.00846560846560851
2022-09-15,93700,94000,93100,93500,29995,-0.002134471718249764
2022-09-16,93500,94000,93300,93800,97066,0.0032085561497325887
2022-09-19,94100,94100,92000,92800,29129,-0.010660980810234588
2022-09-20,93400,93500,92000,92000,36812,-0.008620689655172376
2022-09-21,92000,92500,91000,91100,38262,-0.009782608695652173
2022-09-22,90900,91400,90500,91000,35762,-0.001097694840834218
2022-09-23,90500,91000,90200,90200,35836,-0.00879120879120876
2022-09-26,89700,89700,86000,86100,82248,-0.045454545454545414
2022-09-27,86100,86900,85600,86400,71346,0.0034843205574912606
2022-09-28,86700,87000,84300,84500,84610,-0.0219907407407407
2022-09-29,86200,86800,85300,86000,63527,0.01775147928994092
2022-09-30,85000,85700,82600,83700,100121,-0.02674418604651163
2022-10-04,84800,86000,84100,84700,44347,0.01194743130227005
2022-10-05,86500,87700,82500,83500,58182,-0.01416765053128688
2022-10-06,84300,85400,83800,84000,73474,0.0059880239520957446
2022-10-07,83700,83900,82800,83900,45340,-0.0011904761904761862
2022-10-11,82200,82500,79400,79400,104344,-0.05363528009535157
2022-10-12,79400,80000,78900,80000,36565,0.007556675062972307
2022-10-13,79900,79900,78500,79000,40877,-0.012499999999999956
2022-10-14,80000,80500,79200,79300,37942,0.0037974683544304
2022-10-17,78900,79300,78500,79200,38609,-0.0012610340479193294
2022-10-18,80100,80200,78600,79000,56788,-0.002525252525252486
2022-10-19,78500,79900,77900,79000,117809,0.0
2022-10-20,79000,79300,78100,79100,44406,0.0012658227848101333
2022-10-21,78300,78900,78200,78900,46302,-0.0025284450063211006
2022-10-24,79400,79500,76700,77200,97137,-0.021546261089987362
2022-10-25,77400,77400,76300,77000,71652,-0.002590673575129543
2022-10-26,77300,77400,76500,77200,52262,0.0025974025974024872
2022-10-27,77600,78600,77200,78600,58647,0.0181347150259068
2022-10-28,78200,79300,77600,79300,42433,0.008905852417302906
2022-10-31,79800,79900,78300,79800,52412,0.006305170239596425
2022-11-01,79200,80000,78800,79300,53019,-0.006265664160400974
2022-11-02,79400,80200,78900,80200,38820,0.011349306431273742
2022-11-03,79100,79400,78400,78400,105690,-0.02244389027431426
2022-11-04,78500,79000,78200,78700,29096,0.003826530612244916
2022-11-07,79500,81600,79300,81600,51506,0.03684879288437104
2022-11-08,81700,81800,80800,81500,36922,-0.001225490196078427
2022-11-09,81800,82600,80900,82600,60166,0.013496932515337345
2022-11-10,81900,83000,81600,82500,42294,-0.001210653753026647
2022-11-11,84100,84400,82500,82700,105811,0.00242424242424244
2022-11-14,83200,85200,83100,85200,72620,0.030229746070133068
2022-11-15,85100,85100,83400,84900,51496,-0.0035211267605633756
2022-11-16,84900,84900,82300,82600,88928,-0.027090694935217874
2022-11-17,82400,82400,81200,81600,47507,-0.01210653753026636
2022-11-18,81600,82200,81500,82100,34207,0.006127450980392135
2022-11-21,82000,82000,80000,80200,55298,-0.023142509135200995
2022-11-22,80300,80300,79300,80100,47365,-0.0012468827930174342
2022-11-23,80300,80500,79700,80500,35312,0.004993757802746579
2022-11-24,80600,80800,80200,80600,38991,0.001242236024844745
2022-11-25,80500,80900,80000,80900,38961,0.003722084367245637
2022-11-28,80500,81000,79900,80500,45024,-0.0049443757725586845
2022-11-29,80300,80600,79900,80300,74854,-0.00248447204968949
2022-11-30,80300,82200,80100,82200,142561,0.023661270236612797
2022-12-01,82800,83100,82000,82100,62382,-0.0012165450121655041
2022-12-02,82300,82300,80600,80600,54244,-0.018270401948842885
2022-12-05,80800,81100,79700,79800,70552,-0.00992555831265507
2022-12-06,79600,79800,79300,79800,65484,0.0
2022-12-07,79700,80200,79400,79700,37240,-0.0012531328320801727
2022-12-08,80000,80200,79300,79600,45244,-0.0012547051442910462
2022-12-09,79800,80400,79500,79500,51661,-0.0012562814070351536
2022-12-12,79400,80200,79400,80200,39140,0.008805031446540879
2022-12-13,80300,80300,78600,78800,80867,-0.017456359102244412
2022-12-14,79100,81200,78700,81000,97980,0.027918781725888353
2022-12-15,80900,81200,80400,80900,59134,-0.0012345679012345512
2022-12-16,80100,81200,79900,81200,85447,0.003708281829418958
2022-12-19,80300,80900,79400,79900,87539,-0.016009852216748777
2022-12-20,79700,79900,78900,79700,259732,-0.0025031289111389077
2022-12-21,79700,79700,79100,79700,35450,0.0
2022-12-22,80000,81300,79500,80800,56744,0.013801756587201952
2022-12-23,80100,80300,79700,80100,32106,-0.008663366336633671
2022-12-26,80100,80800,79800,80300,87863,0.0024968789013732895
2022-12-27,80700,81200,80100,81100,142965,0.00996264009962644
2022-12-28,77500,77500,76600,76800,120598,-0.053020961775585684
2022-12-29,76700,76700,73900,73900,82278,-0.03776041666666663
2023-01-02,74600,76500,74200,74600,71429,0.009472259810554773
2023-01-03,74900,76200,73500,75400,55101,0.01072386058981234
2023-01-04,75300,76700,74600,76700,41351,0.01724137931034475
2023-01-05,76800,77000,76200,77000,37495,0.003911342894393766
2023-01-06,76700,78200,76400,78200,68733,0.01558441558441559
2023-01-09,78400,80000,78200,79700,72404,0.019181585677749302
2023-01-10,79500,79900,78900,79900,51827,0.0025094102885820924
2023-01-11,79700,79900,79000,79700,43266,-0.0025031289111389077
2023-01-12,79900,80600,79400,80500,53652,0.010037641154328814
2023-01-13,80600,81800,80500,81800,80807,0.016149068322981464
2023-01-16,80800,81200,80200,80800,35670,-0.012224938875305624
2023-01-17,80500,80800,79900,80600,47598,-0.0024752475247524774
2023-01-18,80500,80500,79200,80000,41342,-0.007444168734491274
2023-01-19,79600,80700,79400,80700,27977,0.008750000000000036
2023-01-20,80400,80500,79900,79900,38324,-0.009913258983890949
2023-01-25,80400,80500,80100,80200,47642,0.003754693366708306
2023-01-26,80300,83500,80300,83400,170506,0.03990024937655856
2023-01-27,83900,87200,83800,87000,272889,0.043165467625899234
2023-01-30,87000,88600,87000,87000,172297,0.0
2023-01-31,86700,88100,85900,85900,131819,-0.012643678160919491
2023-02-01,86800,88200,86700,87200,127569,0.015133876600698537
2023-02-02,88000,88500,86800,86800,86475,-0.004587155963302725
2023-02-03,87200,88300,86900,88000,119035,0.01382488479262678
2023-02-06,88000,88100,86300,86300,73135,-0.01931818181818179
2023-02-07,86300,86700,85300,86100,61001,-0.002317497103128674
2023-02-08,86200,87700,85800,87700,182854,0.018583042973286945
2023-02-09,87300,88700,86900,88400,75081,0.007981755986316896
2023-02-10,88100,90200,88000,90200,112164,0.020361990950226172
2023-02-13,90200,91500,90200,90500,63861,0.003325942350332678
2023-02-14,91100,93000,91100,93000,115973,0.027624309392265234
2023-02-15,93300,93500,92100,93400,119371,0.004301075268817289
2023-02-16,93500,95100,93200,94500,117117,0.01177730192719495
2023-02-17,94000,95200,93700,95200,60216,0.007407407407407307
2023-02-20,95000,95100,93100,94100,62907,-0.011554621848739455
2023-02-21,94100,95500,93200,95500,50675,0.014877789585547196
2023-02-22,93900,94400,92600,93000,37937,-0.02617801047120416
2023-02-23,93200,94500,93000,93800,63492,0.008602150537634357
2023-02-24,94100,94300,92800,93000,55028,-0.008528784648187626
2023-02-27,92700,92700,91300,92200,49166,-0.008602150537634357
2023-02-28,92300,94800,92300,94100,112512,0.020607375271149753
2023-03-02,94100,96000,93700,94500,63886,0.004250797024442088
2023-03-03,94400,94400,93000,93000,48907,-0.015873015873015928
2023-03-06,94000,95000,93500,94500,64872,0.016129032258064502
2023-03-07,94500,94500,93700,94000,49008,-0.005291005291005346
2023-03-08,93300,94400,93000,94400,63221,0.004255319148936065
2023-03-09,94200,95400,94100,94600,77124,0.0021186440677967155
2023-03-10,94100,94300,93300,93800,65492,-0.008456659619450302
2023-03-13,93800,95800,93300,95800,262462,0.021321961620469176
2023-03-14,95300,96000,93900,95700,155922,-0.0010438413361169019
2023-03-15,96000,96700,95100,95800,149148,0.0010449320794148065
2023-03-16,95800,95800,94500,95300,98155,-0.005219206680584509
2023-03-17,96100,96200,93900,95400,737401,0.0010493179433368471
2023-03-20,94900,95000,92500,92500,59462,-0.03039832285115307
2023-03-21,93200,93400,92200,92200,28331,-0.00324324324324321
2023-03-22,92700,93800,92600,93400,27394,0.013015184381778733
2023-03-23,92900,94000,92000,93100,41515,-0.0032119914346895317
2023-03-24,93200,93700,92000,93100,51785,0.0
2023-03-27,92900,92900,91200,91900,51064,-0.012889366272824887
2023-03-28,92000,94700,92000,94600,87109,0.029379760609357986
2023-03-29,94600,95600,93900,95600,51861,0.010570824524312794
2023-03-30,95700,95700,94700,95500,33661,-0.0010460251046024993
2023-03-31,95700,96200,95000,95800,65050,0.003141361256544517
2023-04-03,96100,96200,95100,96200,58503,0.0041753653444676075
2023-04-04,96300,97100,95500,95500,54005,-0.007276507276507305
2023-04-05,95600,96700,95600,96700,39898,0.012565445026178068
2023-04-06,96300,97200,95500,95500,51314,-0.012409513960703222
2023-04-07,95800,96700,94400,94400,57432,-0.011518324607329822
2023-04-10,94600,96000,94300,95500,33767,0.01165254237288127
2023-04-11,96500,97400,96000,96600,76427,0.011518324607329822
2023-04-12,97500,99600,97300,99500,120415,0.03002070393374745
2023-04-13,99500,99500,98600,98600,48679,-0.009045226130653283
2023-04-14,99500,99500,98400,98500,39556,-0.0010141987829614951
2023-04-17,98000,98700,97100,98000,34543,-0.005076142131979711
2023-04-18,97400,99000,96500,99000,92185,0.010204081632652962
2023-04-19,98600,100200,98500,100200,118307,0.0121212121212122
2023-04-20,99700,100100,99000,99300,42514,-0.008982035928143728
2023-04-21,99100,100000,97500,100000,81152,0.007049345417925457
2023-04-24,100000,100900,99000,100000,86129,0.0
2023-04-25,100300,105000,99100,105000,200770,0.050000000000000044
2023-04-26,110100,114000,105300,113000,698011,0.07619047619047614
2023-04-27,112800,115900,110400,112500,276624,-0.004424778761061954
2023-04-28,112500,112700,107500,110700,140163,-0.016000000000000014
2023-05-02,110700,111900,109500,111600,111336,0.008130081300812941
2023-05-03,110000,111900,109700,111400,89096,-0.0017921146953404632
2023-05-04,111200,112000,109900,111200,109703,-0.0017953321364452268
2023-05-08,111600,112700,111600,112500,85254,0.011690647482014427
2023-05-09,112900,114000,112000,113600,126102,0.009777777777777885
2023-05-10,113400,115000,113300,114100,222749,0.004401408450704247
2023-05-11,114200,114400,112100,112400,93022,-0.014899211218229569
2023-05-12,112000,113300,110600,111200,91176,-0.010676156583629859
2023-05-15,111200,111900,108900,109500,78847,-0.015287769784172678
2023-05-16,109600,110500,109000,109600,45842,0.0009132420091324533
2023-05-17,109800,112500,109700,112400,85910,0.025547445255474477
2023-05-18,113000,115700,112800,114100,96523,0.015124555160142439
2023-05-19,113200,114100,111400,112000,84911,-0.018404907975460127
2023-05-22,112000,112700,111000,112000,64106,0.0
2023-05-23,112100,112800,111600,111900,59854,-0.0008928571428571397
2023-05-24,111900,112100,110800,111300,74918,-0.00536193029490617
2023-05-25,111100,111200,109500,109500,97584,-0.016172506738544423
2023-05-26,110000,110200,108200,109100,96889,-0.0036529680365297024
2023-05-30,109500,109700,106600,106600,136364,-0.022914757103574712
2023-05-31,106800,108400,105500,105500,224838,-0.010318949343339545
2023-06-01,105600,106200,104200,104800,103833,-0.006635071090047351
2023-06-02,105400,107900,105400,107600,56142,0.026717557251908497
2023-06-05,108100,110000,107700,110000,64760,0.02230483271375472
2023-06-07,110000,111000,106700,106700,113118,-0.030000000000000027
2023-06-08,106700,108200,105900,107900,55097,0.011246485473289658
2023-06-09,108200,108600,107700,107900,56845,0.0
2023-06-12,108100,108500,107100,107500,54852,-0.003707136237256714
2023-06-13,108400,108400,106800,107100,72119,-0.0037209302325581506
2023-06-14,107200,108400,107200,107500,39924,0.0037348272642390157
2023-06-15,107900,108900,107900,108600,57873,0.01023255813953483
2023-06-16,108800,108900,106700,106700,132133,-0.017495395948434633
2023-06-19,106700,107200,106100,106800,55934,0.0009372071227742307
2023-06-20,106900,107200,106000,106200,49910,-0.005617977528089901
2023-06-21,106200,110500,105900,110500,124321,0.04048964218455753
2023-06-22,110000,111200,109100,109900,70539,-0.005429864253393646
2023-06-23,110100,110600,108200,109800,72619,-0.0009099181073702889
2023-06-26,110000,112500,109700,112000,81773,0.020036429872495543
2023-06-27,112000,112600,111600,112400,122896,0.0035714285714285587
2023-06-28,112500,112800,111600,111600,119275,-0.007117437722419906
2023-06-29,110300,110900,108700,109000,82087,-0.023297491039426577
2023-06-30,110000,111500,109700,109700,69801,0.006422018348623881
2023-07-03,110000,110200,108800,110100,73120,0.003646308113035568
2023-07-04,110500,111500,109700,111100,46167,0.009082652134423164
2023-07-05,111500,112100,110600,112000,77582,0.008100810081008047
2023-07-06,111500,113800,111500,112300,98696,0.00267857142857153
2023-07-07,111400,111400,108900,109800,138378,-0.022261798753339224
2023-07-10,109800,112000,109700,111600,48054,0.016393442622950838
2023-07-11,111900,112000,110800,111600,47803,0.0
2023-07-12,111600,111600,109400,110800,90021,-0.007168458781361964
2023-07-13,110700,110800,109600,110200,74732,-0.005415162454873612
2023-07-14,110100,111100,109800,111000,69449,0.007259528130671544
2023-07-17,111000,111200,107600,108400,196520,-0.023423423423423406
2023-07-18,107800,108000,105100,105400,118736,-0.027675276752767486
2023-07-19,105600,106700,104200,106700,69836,0.012333965844402384
2023-07-20,106600,106900,105100,105100,41908,-0.014995313964386137
2023-07-21,104800,105500,104500,104700,61021,-0.0038058991436726863
2023-07-24,104500,104500,102100,103700,74475,-0.009551098376313294
2023-07-25,104000,106100,104000,106100,54212,0.02314368370298947
2023-07-26,105900,105900,102900,105000,110671,-0.010367577756833168
2023-07-27,106100,107500,105300,106300,98024,0.012380952380952381
2023-07-28,106600,108700,106400,108700,87294,0.022577610536218318
2023-07-31,109400,109400,106900,108400,69409,-0.002759889604415866
2023-08-01,108300,109400,107000,109400,55289,0.009225092250922495
2023-08-02,109400,109400,105700,105700,92256,-0.03382084095063986
2023-08-03,105300,106600,105100,105200,46206,-0.004730368968779541
2023-08-04,105200,107400,104700,106900,43024,0.01615969581749055
2023-08-07,106700,106700,104800,104800,52401,-0.019644527595883976
2023-08-08,105400,105500,104500,104500,41081,-0.002862595419847347
2023-08-09,104500,105000,103500,103500,44690,-0.009569377990430672
2023-08-10,103300,103500,101900,102000,73861,-0.01449275362318836
2023-08-11,102200,105700,102000,102000,58476,0.0
2023-08-14,102600,103300,101800,103100,49538,0.010784313725490158
2023-08-16,102800,102800,101600,102100,71611,-0.009699321047526688
2023-08-17,102100,105700,101000,104800,87646,0.026444662095984395
2023-08-18,104000,106000,103300,104400,62537,-0.003816793893129722
2023-08-21,104200,105000,101700,103300,34836,-0.010536398467432928
2023-08-22,103600,104300,103200,104000,23619,0.006776379477250627
2023-08-23,103900,105000,103300,104000,40789,0.0
2023-08-24,104700,105300,103600,103600,24741,-0.0038461538461538325
2023-08-25,103300,104900,103000,103000,32769,-0.00579150579150578
2023-08-28,102900,103200,101700,103000,38687,0.0
2023-08-29,103000,104100,102400,103000,47978,0.0
2023-08-30,103700,104100,102400,102400,28989,-0.005825242718446644
2023-08-31,102600,104100,102400,104100,108030,0.0166015625
2023-09-01,103700,104900,103300,103500,43719,-0.0057636887608069065
2023-09-04,103500,104300,103200,103500,21810,0.0
2023-09-05,103800,103900,102100,102100,43811,-0.01352657004830915
2023-09-06,102100,102700,101600,101700,55141,-0.003917727717923647
2023-09-07,101700,101700,100800,101200,58679,-0.004916420845624381
2023-09-08,101300,101600,100900,101100,26790,-0.0009881422924901129
2023-09-11,101200,102900,101200,102900,50398,0.017804154302670572
2023-09-12,102500,103300,102000,102500,28688,-0.0038872691933916625
2023-09-13,102900,105200,102900,104600,69413,0.0204878048780488
2023-09-14,105300,106300,105100,106100,71564,0.014340344168260133
2023-09-15,105900,107800,105200,106600,110735,0.004712535344015167
2023-09-18,106600,106900,105000,105200,61405,-0.013133208255159512
2023-09-19,105200,106200,105200,105800,31670,0.005703422053231932
2023-09-20,105600,108700,105300,107000,59731,0.011342155009451904
2023-09-21,107300,108000,106600,107500,41275,0.004672897196261738
2023-09-22,106900,107900,105600,107400,44314,-0.0009302325581395099
2023-09-25,107600,107900,106900,107300,55621,-0.0009310986964617962
2023-09-26,106500,106800,105300,105300,52643,-0.018639328984156545
2023-09-27,105300,106300,104500,105900,49321,0.005698005698005604
2023-10-04,104600,106100,104500,105100,86860,-0.007554296506137814
2023-10-05,105300,106000,104600,104600,52183,-0.004757373929590858
2023-10-06,104000,105500,104000,104900,31910,0.002868068833651982
2023-10-10,104900,105000,102600,102700,96392,-0.02097235462345093
2023-10-11,103300,104800,103100,103300,55946,0.0058422590068158975
2023-10-12,103900,104200,103200,103700,53020,0.0038722168441431837
2023-10-13,103700,104400,102800,103300,41718,-0.0038572806171649487
2023-10-16,103300,104200,102900,102900,30090,-0.0038722168441432947
2023-10-17,103500,105400,103100,104400,54598,0.014577259475218707
2023-10-18,104800,107800,104800,107200,62365,0.026819923371647514
2023-10-19,106600,107400,106000,106000,60087,-0.011194029850746245
2023-10-20,105500,105500,103600,103700,70728,-0.02169811320754722
2023-10-23,103900,105200,103800,103800,42443,0.0009643201542912649
2023-10-24,104200,104600,103400,103800,52340,0.0
2023-10-25,104000,104800,103800,104500,50266,0.00674373795761074
2023-10-26,103400,103500,101900,102000,100398,-0.02392344497607657
2023-10-27,102000,103500,101400,101500,101366,-0.004901960784313708
2023-10-30,101500,102300,100200,100700,88326,-0.007881773399014746
2023-10-31,101200,102000,100000,100100,69546,-0.005958291956305817
2023-11-01,100900,101200,100100,100100,52155,0.0
2023-11-02,101400,102400,101000,101600,59209,0.014985014985015033
2023-11-03,102900,103000,101600,102000,60608,0.003937007874015741
2023-11-06,102900,103600,102000,103300,151836,0.012745098039215641
2023-11-07,102700,103000,101600,103000,89656,-0.0029041626331074433
2023-11-08,103100,103500,102100,102600,55664,-0.003883495145631022
2023-11-09,102600,103000,102000,102000,45318,-0.005847953216374324
2023-11-10,102000,102900,101900,102400,24508,0.0039215686274509665
2023-11-13,103000,103500,102600,103300,42204,0.0087890625
2023-11-14,103200,105400,103000,105200,64644,0.018393030009680622
2023-11-15,106600,108600,106400,108600,126194,0.0323193916349811
2023-11-16,108600,109600,107900,108700,78102,0.0009208103130755596
2023-11-17,108700,108800,107800,107800,60693,-0.008279668813247487
2023-11-20,107800,108900,107500,108700,43933,0.008348794063079756
2023-11-21,108700,109900,108500,109600,59148,0.008279668813247376
2023-11-22,109100,109500,108000,109300,41070,-0.0027372262773722733
2023-11-23,109300,109300,108600,108800,44300,-0.0045745654162854255
2023-11-24,108800,109200,108400,108400,43406,-0.003676470588235281
2023-11-27,108600,109500,108100,108200,49146,-0.0018450184501844769
2023-11-28,108600,109300,108200,109300,56368,0.010166358595194103
2023-11-29,109000,110000,109000,109600,51619,0.0027447392497712553
2023-11-30,109900,109900,109000,109600,94305,0.0
2023-12-01,110100,110100,108700,108900,40592,-0.006386861313868564
2023-12-04,108900,109500,108400,108400,49720,-0.0045913682277318735
2023-12-05,108400,109800,108100,109400,62446,0.009225092250922495
2023-12-06,109400,109700,109000,109400,41102,0.0
2023-12-07,109300,109400,108600,109400,46289,0.0
2023-12-08,109400,109800,109000,109400,35496,0.0
2023-12-11,109500,109700,109200,109700,49185,0.002742230347349217
2023-12-12,109800,110100,109600,110100,54637,0.003646308113035568
2023-12-13,110400,111900,110100,110900,94734,0.0072661217075387086
2023-12-14,111900,111900,110800,111300,71812,0.0036068530207393756
2023-12-15,111700,113800,111300,111800,133879,0.004492362982928988
2023-12-18,112000,112100,110600,110600,85470,-0.01073345259391767
2023-12-19,110600,111800,110600,111700,58697,0.00994575045207946
2023-12-20,111300,114000,111300,113800,120399,0.018800358102059045
2023-12-21,113200,115000,112900,113100,98540,-0.0061511423550087985
2023-12-22,113600,113900,112500,112700,83232,-0.0035366931918655586
2023-12-26,112700,113300,112600,113300,108625,0.0053238686779060185
2023-12-27,112300,113000,111500,112400,76109,-0.007943512797881747
2023-12-28,112400,114200,111700,114200,92992,0.016014234875444844
2024-01-02,113800,113800,112500,113800,92232,-0.003502626970227629
2024-01-03,112900,113400,112100,112500,52145,-0.011423550087873435
2024-01-04,112000,112000,109900,110100,92358,-0.021333333333333315
2024-01-05,110400,110400,108700,108900,65224,-0.010899182561307952
2024-01-08,109300,110400,108900,109800,40164,0.008264462809917328
2024-01-09,110600,110600,109600,109600,43381,-0.0018214936247723523
2024-01-10,109600,110200,109400,110100,30779,0.0045620437956204185
2024-01-11,110100,111300,109900,110900,52766,0.0072661217075387086
2024-01-12,110900,111000,110200,110900,43464,0.0
2024-01-15,110900,112100,110300,112000,55560,0.009918845807033394
2024-01-16,112100,112100,111100,111400,42061,-0.005357142857142838
2024-01-17,111400,111500,109300,109700,98289,-0.015260323159784539
2024-01-18,109300,109600,107500,108600,64937,-0.010027347310847756
2024-01-19,109900,110000,108500,110000,72207,0.012891344383057168
2024-01-22,110000,110200,109300,109300,47577,-0.006363636363636349
2024-01-23,109500,110100,109400,110000,39068,0.006404391582799596
2024-01-24,110200,111400,109400,111400,51343,0.012727272727272698
2024-01-25,111400,113600,110800,112800,105389,0.012567324955116588
2024-01-26,114500,115200,113700,114000,112867,0.010638297872340496
2024-01-29,114500,119400,114400,119200,243954,0.04561403508771922
2024-01-30,119400,120000,116900,117200,166366,-0.016778523489932917
2024-01-31,117400,119100,117400,118300,303418,0.009385665529010323
2024-02-01,118500,123900,118400,123000,475703,0.03972950126796282
2024-02-02,126200,132300,124000,131200,406967,0.06666666666666665
2024-02-05,134200,138700,129600,135900,386594,0.03582317073170738
2024-02-06,135600,142000,133500,137000,447168,0.008094186902133815
2024-02-07,138200,149800,137700,149600,476278,0.09197080291970794
2024-02-08,148500,150200,144500,149000,456384,-0.004010695187165791
2024-02-13,150000,159800,149600,154400,430283,0.03624161073825505
2024-02-14,152000,166400,151000,160500,469048,0.03950777202072531
2024-02-15,161400,163800,145300,154500,443778,-0.03738317757009346
2024-02-16,154900,162800,148900,162800,423230,0.05372168284789636
2024-02-19,163500,171700,163500,167100,487011,0.026412776412776395
2024-02-20,168800,170000,155000,160300,479767,-0.040694195092758845
2024-02-21,158100,162900,154600,157000,249714,-0.02058640049906424
2024-02-22,157000,162600,153900,160100,429146,0.019745222929936412
2024-02-23,162600,163300,158800,160200,299583,0.0006246096189881367
2024-02-26,150800,159400,150600,155100,515962,-0.03183520599250933
2024-02-27,155100,155800,152400,152400,338301,-0.01740812379110257
2024-02-28,144800,157500,144800,156100,475820,0.024278215223097144
2024-02-29,156900,160900,154000,160700,465114,0.029468289557975647
2024-03-04,161600,169000,161500,169000,318726,0.05164903546981958
2024-03-05,168000,169700,163300,166500,262097,-0.014792899408283988
2024-03-06,164000,167400,162100,163700,295618,-0.016816816816816793
2024-03-07,163700,165000,157900,161000,242860,-0.016493585827733637
2024-03-08,161800,162100,158800,162100,251948,0.006832298136645987
2024-03-11,161500,161700,153000,155900,240364,-0.03824799506477483
2024-03-12,155900,157200,152300,157200,161459,0.00833867864015403
2024-03-13,157300,161300,155200,161000,157644,0.024173027989821794
2024-03-14,160100,166000,158900,166000,206608,0.03105590062111796
2024-03-15,165200,167400,155500,157700,525318,-0.050000000000000044
2024-03-18,157700,158200,153200,155300,199872,-0.015218769816106481
2024-03-19,155400,155500,149500,150100,241346,-0.033483580167417926
2024-03-20,150900,154800,150900,154000,175407,0.025982678214523602
2024-03-21,156400,163600,156300,162700,254932,0.056493506493506596
2024-03-22,163600,164000,156400,158800,209073,-0.023970497848801453
2024-03-25,159000,159400,154900,156200,144619,-0.016372795969773257
2024-03-26,155000,158800,155000,157200,154418,0.006402048655569814
2024-03-27,157100,160700,156500,159600,140984,0.01526717557251911
2024-03-28,159600,159700,155500,156800,142326,-0.01754385964912286
2024-03-29,156800,157000,153400,153600,103703,-0.020408163265306145
2024-04-01,153600,154200,145600,148100,243066,-0.03580729166666663
2024-04-02,147700,147700,140500,142900,309653,-0.035111411208642807
2024-04-03,142500,143700,140100,140100,117641,-0.019594121763470973
2024-04-04,141200,147800,141000,147200,144740,0.050678087080656686
2024-04-05,145700,148700,144800,146500,89260,-0.004755434782608647
2024-04-08,146700,151800,145500,149600,160503,0.02116040955631404
2024-04-09,151500,152400,145700,145700,114375,-0.02606951871657759
2024-04-11,142800,151000,142200,150900,195553,0.03568977350720659
2024-04-12,151400,152500,149300,149900,117745,-0.0066269052352551094
2024-04-15,147300,152800,145500,152600,117288,0.018012008005336977
2024-04-16,151000,152100,148000,148800,99897,-0.02490170380078638
2024-04-17,148800,149400,144600,145400,114440,-0.022849462365591378
2024-04-18,145700,146900,144300,145300,108533,-0.0006877579092159358
2024-04-19,145300,147300,142000,146700,92971,0.009635237439779676
2024-04-22,147500,153000,147400,151800,121537,0.03476482617586907
2024-04-23,153200,155300,151500,155300,109260,0.02305665349143604
2024-04-24,155900,157500,153300,157500,84210,0.014166130070830674
2024-04-25,157500,158800,155500,157300,86153,-0.0012698412698413097
2024-04-26,157600,158200,154700,157300,109661,0.0
2024-04-29,157900,160500,156400,160500,90707,0.020343293070565815
2024-04-30,160300,160700,159000,159000,87731,-0.009345794392523366
2024-05-02,159300,160600,157000,157200,106288,-0.01132075471698113
2024-05-03,158300,158600,154800,155100,58977,-0.013358778625954248
2024-05-07,156700,157400,154800,157100,81003,0.012894906511927706
2024-05-08,156300,158200,155100,157300,81833,0.0012730744748568057
2024-05-09,157300,157300,154200,154300,59395,-0.019071837253655466
2024-05-10,155000,155500,153800,153800,63797,-0.003240440699935232
2024-05-13,154600,155900,153700,154000,57986,0.0013003901170351995
2024-05-14,154500,155700,154400,155100,52346,0.0071428571428571175
2024-05-16,155300,157000,154000,157000,115618,0.012250161186331487
2024-05-17,156500,157700,156100,156700,70780,-0.0019108280254777066
2024-05-20,156700,161700,156600,159700,99893,0.01914486279515004
2024-05-21,159700,160000,156600,159200,111739,-0.003130870381966133
2024-05-22,159200,169400,158600,168900,248823,0.06092964824120606
2024-05-23,168700,168700,163200,165500,173774,-0.02013025458851392
2024-05-24,163900,167000,163000,164300,96746,-0.007250755287009025
2024-05-27,164300,164300,161200,163100,99042,-0.0073037127206330155
2024-05-28,163000,163800,160100,161600,91073,-0.009196811771919111
2024-05-29,161000,161500,157800,157900,83375,-0.02289603960396036
2024-05-30,157800,159200,155700,155700,55357,-0.013932868904369844
2024-05-31,156600,157800,153600,153600,127720,-0.013487475915221592
2024-06-03,155400,160500,155400,159800,74382,0.04036458333333326
2024-06-04,158500,158900,155700,155900,66214,-0.024405506883604544
2024-06-05,157300,159000,154800,157600,75943,0.010904425914047389
2024-06-07,158500,159100,156700,157600,48497,0.0
2024-06-10,157400,159400,156800,158600,35674,0.006345177664974555
2024-06-11,158600,162100,158500,162000,91329,0.021437578814627933
2024-06-12,162800,162800,160000,161000,49231,-0.006172839506172867
2024-06-13,162000,164000,160500,160500,112838,-0.0031055900621117516
2024-06-14,160700,163100,160100,160400,74099,-0.0006230529595016021
2024-06-17,162400,166500,162300,165300,162069,0.030548628428927582
2024-06-18,166500,169200,165500,167100,144511,0.010889292196007316
2024-06-19,168000,171200,167300,168500,109985,0.00837821663674454
2024-06-20,168500,169800,167000,168800,57234,0.0017804154302669684
2024-06-21,168500,168500,165600,165600,101873,-0.018957345971563955
2024-06-24,164100,166900,163800,165600,76851,0.0
2024-06-25,165600,171300,165600,171200,164780,0.033816425120772875
2024-06-26,171400,178000,171100,175700,190728,0.026285046728971917
2024-06-27,175700,191300,175400,188800,396601,0.07455890722823
2024-06-28,194000,198800,183200,183200,390107,-0.029661016949152574
2024-07-01,183600,186700,181200,184600,105573,0.007641921397379958
2024-07-02,182800,183200,176000,177800,169644,-0.03683640303358615
2024-07-03,177900,189000,177100,184000,205209,0.03487064116985383
2024-07-04,185100,188200,182200,184100,145246,0.0005434782608695343
2024-07-05,184100,184100,178500,180300,179515,-0.02064095600217275
2024-07-08,180700,182400,179400,182200,101913,0.010537992235163607
2024-07-09,182200,182300,173500,174900,170447,-0.04006586169045001
2024-07-10,174900,177200,173000,175800,102724,0.005145797598627766
2024-07-11,175700,176000,172900,173700,84234,-0.011945392491467532
2024-07-12,173000,174000,170200,171700,73541,-0.011514104778353462
2024-07-15,172000,172700,169800,172000,70597,0.0017472335468839972
2024-07-16,172100,176000,172100,173600,98261,0.009302325581395321
2024-07-17,174400,174400,169800,171900,63817,-0.009792626728110654
2024-07-18,169300,170900,166200,166700,123681,-0.03025014543339155
2024-07-19,166400,168500,166200,168500,71376,0.010797840431913563
2024-07-22,168600,168700,163600,165100,78913,-0.020178041543026715
2024-07-23,165800,170200,165800,170000,68822,0.02967898243488798
2024-07-24,167200,169900,167200,168000,46202,-0.0117647058823529
2024-07-25,165000,166800,162300,163500,80793,-0.0267857142857143
2024-07-26,163100,164000,156600,160400,204187,-0.018960244648318025
2024-07-29,160900,165700,160600,164000,174504,0.02244389027431426
2024-07-30,163700,167000,162400,165500,118199,0.009146341463414531
2024-07-31,165900,167800,165300,166600,91584,0.006646525679758319
2024-08-01,167700,169800,167300,167700,56928,0.006602641056422609
2024-08-02,164000,166000,159800,163200,162235,-0.02683363148479423
2024-08-05,159000,159100,145000,149700,207847,-0.08272058823529416
2024-08-06,151500,158800,150700,155300,197901,0.03740814963259842
2024-08-07,155000,161800,154100,159000,105767,0.023824855119124244
2024-08-08,157800,162500,156800,159100,92911,0.0006289308176101738
2024-08-09,165000,167300,163100,167000,111581,0.049654305468259
2024-08-12,167900,170100,165000,167000,82947,0.0
2024-08-13,167000,167000,163300,165900,93081,-0.006586826347305341
2024-08-14,167000,167100,162200,162800,90987,-0.0186859553948161
2024-08-16,165800,168900,165300,168900,125437,0.03746928746928746
2024-08-19,169100,169500,165800,168200,78154,-0.00414446417998815
2024-08-20,169000,170200,167000,168800,82648,0.00356718192627814
2024-08-21,168700,169300,167200,169100,46702,0.0017772511848341832
2024-08-22,169200,169700,167300,169300,72730,0.0011827321111768097
2024-08-23,168100,171000,167800,170700,79202,0.008269344359125741
2024-08-26,172400,173500,169300,169800,80751,-0.005272407732864637
2024-08-27,169600,170400,167900,169800,60677,0.0
2024-08-28,170100,177000,168500,176300,199257,0.03828032979976448
2024-08-29,184000,194900,183100,189300,714276,0.07373794668179245
2024-08-30,189300,192000,185000,185000,248121,-0.022715266772319054
2024-09-02,184900,185000,180100,182500,125973,-0.013513513513513487
2024-09-03,182500,182800,175800,177000,171515,-0.03013698630136985
2024-09-04,171700,175000,170200,171600,140034,-0.03050847457627115
2024-09-05,172900,176300,169200,170500,142311,-0.0064102564102563875
2024-09-06,171000,172000,165800,169500,162496,-0.0058651026392961825
2024-09-09,168900,172000,167600,169500,96148,0.0
2024-09-10,171400,171400,169200,170300,85407,0.004719764011799521
2024-09-11,168900,169500,163400,166200,155472,-0.024075161479741647
2024-09-12,168500,171900,168000,170700,102887,0.02707581227436817
2024-09-13,173000,178800,172800,176500,110570,0.03397773872290566
2024-09-19,179000,182900,178900,182200,139160,0.0322946175637393
2024-09-20,183500,184000,180300,183500,162339,0.007135016465422694
2024-09-23,183300,183400,179200,181400,68735,-0.011444141689373244
2024-09-24,181500,182500,179500,182500,84857,0.006063947078279952
2024-09-25,182500,183400,181600,183300,93546,0.004383561643835687
2024-09-26,182500,186500,181200,186500,120322,0.017457719585379117
2024-09-27,184800,184900,180700,181200,132926,-0.028418230563002633
2024-09-30,180800,181800,175000,175400,168945,-0.03200883002207511
2024-10-02,171000,175800,170800,174100,123329,-0.007411630558722959
2024-10-04,174100,175800,172300,175800,66106,0.009764503159104043
2024-10-07,178000,180800,176400,180800,98562,0.028441410693970326
2024-10-08,178500,179900,177300,178200,66774,-0.014380530973451378
2024-10-10,180300,183300,179000,179500,64670,0.00729517396184054
2024-10-11,178000,180100,177600,177800,73189,-0.009470752089136503
2024-10-14,178500,179900,176500,176600,48320,-0.006749156355455588
2024-10-15,177200,177700,175200,177700,107376,0.006228765571913986
2024-10-16,175600,176900,173800,173800,82026,-0.0219471018570625
2024-10-17,174600,174900,169000,169600,158731,-0.024165707710011475
2024-10-18,169900,172300,168400,170200,163047,0.0035377358490567
2024-10-21,169700,173700,169700,173000,79265,0.016451233842538215
2024-10-22,173100,174500,170100,173500,92297,0.0028901734104045396
2024-10-23,174000,176000,172400,175000,100539,0.008645533141210304
2024-10-24,175100,175400,168000,168700,158300,-0.03600000000000003
2024-10-25,169500,172900,167900,169900,185202,0.007113218731475968
2024-10-28,169600,171500,168000,168500,110407,-0.008240141259564404
2024-10-29,169000,169000,166000,168500,109194,0.0
2024-10-30,168300,168300,165000,165000,95503,-0.020771513353115778
2024-10-31,165000,165400,161000,161000,155362,-0.024242424242424288
2024-11-01,160800,164200,160600,163600,110918,0.016149068322981464
2024-11-04,163600,166800,162900,164700,90537,0.006723716381417999
2024-11-05,164600,165200,162200,164300,87751,-0.0024286581663630624
2024-11-06,164600,165100,160000,160000,153982,-0.026171637248934898
2024-11-07,158100,164000,155400,162100,160650,0.013125000000000053
2024-11-08,162300,163800,160100,162100,79846,0.0
2024-11-11,162100,165100,161100,163800,102806,0.010487353485502782
2024-11-12,163800,163800,160000,160000,90307,-0.023199023199023228
2024-11-13,160000,160700,154000,155300,178912,-0.02937500000000004
2024-11-14,156500,158600,154300,156800,144347,0.00965872504829357
2024-11-15,156000,160000,154500,159000,71735,0.014030612244897878
2024-11-18,159000,165000,157800,163000,142355,0.02515723270440251
2024-11-19,162900,164700,161600,162500,62000,-0.0030674846625766694
2024-11-20,162300,166600,161200,164800,87988,0.014153846153846183
2024-11-21,164800,165900,163500,163800,40273,-0.0060679611650485965
2024-11-22,163800,165300,163800,163900,51382,0.0006105006105006083
2024-11-25,164200,166400,163500,163500,177530,-0.0024405125076265577
2024-11-26,164800,171500,162800,170200,129262,0.04097859327217135
2024-11-27,169200,172900,165300,169700,171595,-0.002937720329024729
2024-11-28,169800,169900,162500,163100,198034,-0.038892162639952876
2024-11-29,163100,163100,158000,160200,153538,-0.017780502759043526
2024-12-02,160200,161200,158500,159600,71052,-0.0037453183520599342
2024-12-03,159600,161300,158900,160300,108816,0.004385964912280604
2024-12-04,155600,159700,155600,157500,189489,-0.017467248908296984
2024-12-05,159100,159500,154300,155000,84954,-0.015873015873015928
2024-12-06,154700,158400,151200,158300,106833,0.021290322580645116
2024-12-09,156100,156600,152500,153600,96677,-0.02969046114971574
2024-12-10,155400,160000,154000,159500,77568,0.03841145833333326
2024-12-11,158900,161000,157000,159900,57349,0.0025078369905955356
2024-12-12,159600,161400,159200,159200,60436,-0.004377736085053208
2024-12-13,159600,160200,157200,159100,88549,-0.0006281407035175768
2024-12-16,159200,159700,155500,156700,115803,-0.015084852294154572
2024-12-17,156700,157900,154900,154900,91633,-0.01148691767708998
2024-12-18,154900,159200,154900,158900,77552,0.0258231116849581
2024-12-19,157300,157900,156300,156400,56078,-0.01573316551290116
2024-12-20,156400,157700,155000,155000,70675,-0.008951406649616356
2024-12-23,156300,158000,155700,157100,56823,0.013548387096774084
2024-12-24,157100,157600,156200,157200,39777,0.0006365372374284028
2024-12-26,157600,159600,156800,159400,71189,0.013994910941475869
2024-12-27,157800,158800,156600,158000,49063,-0.008782936010037656
2024-12-30,157000,158800,156000,156000,41980,-0.012658227848101222
2025-01-02,156200,159100,156200,157800,59422,0.011538461538461497
2025-01-03,157800,159000,157400,157700,73437,-0.0006337135614702394
2025-01-06,157500,157800,154500,157400,101299,-0.0019023462270133518
2025-01-07,157500,158600,155800,155900,75621,-0.009529860228716602
2025-01-08,156500,160000,155800,159900,99311,0.02565747273893515
2025-01-09,159900,162800,159700,160000,60578,0.0006253908692932519
2025-01-10,160600,168000,160600,164500,190934,0.028124999999999956
2025-01-13,164500,164600,161800,162400,78957,-0.012765957446808529
2025-01-14,163400,165500,162700,165000,71698,0.016009852216748666
2025-01-15,165500,165800,163100,163500,51502,-0.009090909090909038
2025-01-16,165000,165100,163500,163600,61316,0.0006116207951070152
2025-01-17,163700,164000,159800,160000,93186,-0.022004889975550168
2025-01-20,160400,161300,159500,160800,46301,0.004999999999999893
2025-01-21,161000,162300,159600,159600,46262,-0.007462686567164201
2025-01-22,160000,160900,159400,159900,95126,0.001879699248120259
2025-01-23,160500,162700,159100,160300,86983,0.00250156347717323
2025-01-24,160300,161100,158700,161100,89929,0.004990642545227741
2025-01-31,160500,166200,159000,166200,192718,0.03165735567970196
2025-02-03,163000,163500,160400,161900,118261,-0.025872442839951826
2025-02-04,162200,164400,162000,163900,101649,0.012353304508956109
2025-02-05,163800,165500,163200,164000,106614,0.0006101281269066394
2025-02-06,164000,164000,161800,161900,117961,-0.0128048780487805
2025-02-07,162000,163900,161500,162000,89523,0.0006176652254477055
2025-02-10,161500,163600,160100,163300,88637,0.008024691358024638
2025-02-11,163100,164100,162200,163300,73145,0.0
2025-02-12,162100,163700,160900,161600,114108,-0.01041028781383957
2025-02-13,162200,164300,162100,163500,120765,0.011757425742574323
2025-02-14,163300,164000,162700,164000,41288,0.003058103975535076
2025-02-17,163100,163200,160000,161700,114311,-0.014024390243902451
2025-02-18,161700,162000,160000,160300,115103,-0.008658008658008698
2025-02-19,160000,161600,159200,160400,111336,0.0006238303181533844
2025-02-20,160400,161000,159200,161000,68150,0.0037406483790523026
2025-02-21,162500,166000,161200,166000,148088,0.03105590062111796
2025-02-24,165400,168000,164900,167500,98836,0.009036144578313143
2025-02-25,167500,167600,165100,165100,91706,-0.014328358208955172
2025-02-26,166100,167800,165200,167000,109618,0.011508176862507602
2025-02-27,162000,163000,160200,162200,137069,-0.028742514970059863
2025-02-28,160000,160500,155000,155000,164200,-0.04438964241676946
2025-03-04,154000,154800,150100,150300,200994,-0.030322580645161246
2025-03-05,150800,152500,147800,148600,230423,-0.01131071190951427
2025-03-06,151000,151400,147800,148000,152287,-0.004037685060565233
2025-03-07,148000,148900,146200,148500,106534,0.0033783783783782884
2025-03-10,148500,150200,147800,148500,84247,0.0
2025-03-11,147300,148500,146400,147900,64310,-0.004040404040404066
2025-03-12,148500,150400,148000,150400,54685,0.01690331304935766
